Hikaru,Hikaru Nakamura
FairChess_on_YouTube,Dmitry Andreikin
MagnusCarlsen,Magnus Carlsen
jefferyx,Jeffery Xiong
Firouzja2003,Alireza Firouzja
Duhless,Daniil Dubov
LyonBeast,Maxime Vachier-Lagrave
Oleksandr_Bortnyk,Olexandr Bortnyk
mishanick,Alexey Sarana
Jospem,Jose Martinez Alcantara
wonderfultime,Le Tuan Minh
Bigfish1995,Vladimir Fedoseev
Polish_fighter3000,Jan-Krzysztof Duda
exoticprincess,Baadur Jobava (X)
Parhamov,Parham Maghsoodloo
Grischuk,Alexander Grischuk
Sibelephant,Vladislav Artemiev
nihalsarin,Nihal Sarin
lachesisQ,Ian Nepomniachtchi
GeorgMeier,Georg Meier
dropstoneDP,David Paravyan (*)
DenLaz,Denis Lazavik
jcibarra,Jose Carlos Ibarra Jerez
BogdanDeac,Bogdan-Daniel Deac
ChessWarrior7197,Nodirbek Abdusattorov
Azerichess,Shakhriyar Mamedyarov
HansOnTwitch,Hans Niemann (M)
Njal28,Aram Hakobyan (B)
DanielNaroditsky,Daniel Naroditsky
Konavets,Samuel Sevian
GMWSO,Wesley So (*)
EltajSafarli,Eltaj Safarli (C)
LiemLe,Le Quang Liem
sergiochess83,Sergey Grigoriants
GGuseinov,Gadir Guseinov
GOGIEFF,Anton Korobov
FabianoCaruana,Fabiano Caruana
Msb2,Matthias Bluebaum
Alexander_Moskalenko,Alexander Moskalenko
ChristopherYoo,Christopher Yoo
GM_dmitrij,Dmitrij Kollars
Salem-AR,Salem Saleh
iturrizaga,Eduardo Iturrizaga
Dlugy,Maxim Dlugy (M)
vugarrasulov,Vugar Rasulov
E-Shaposhnikov,Evgeny Shaposhnikov (X)
penguingm1,Andrew Tang
tigra,Boris Savchenko
vi_pranav,Pranav Venkatesh
RD4ever,Rustam Khusnutdinov (M)
kirillshevchenko,Kirill Shevchenko
hanzo_hasashi1,Nodirbek Yakubboev (C)
daro94,Dariusz Swiercz
Tal-Baronfew,Tal Baron (B)
Genghis_K,Federico Perez Ponsa
Micki-taryan,Haik Martirosyan (!)
AryanTari,Aryan Tari
OparinGrigoriy,Grigoriy Oparin
Anton_Demchenko,Anton Demchenko
dretch,Conrad Holt
Eltaj_Safarli,Eltaj Safarli (C)
viditchess,Vidit Santosh Gujrathi
platy3,Alan Pichot
GHANDEEVAM2003,Arjun Erigaisi
BillieKimbah,Maxim Matlakov
Fandorine,Maksim Chigaev
Zaven_ChessMood,Zaven Andriasian (C)
GigaQuparadze,Giga Quparadze
MinhGTrAn,Tran Tuan Minh (C)
BilodeauA,Kirill Alekseenko
RaunakSadhwani2005,Raunak Sadhwani
VladDobrov,Vladimir Dobrov (S)
PSvidler,Peter Svidler
TigranLPetrosyan,Tigran L. Petrosian (X)
LevonAronian,Levon Aronian
TigrVShlyape,Gata Kamsky (*)
vladislavkovalev,Vladislav Kovalev
Sviridov_Valery,Valery Sviridov (C)
howitzer14,David Howell
joppie2,Jorden van Foreest
Indianlad,Sunilduth Lyna Narayanan
Boryboy,Borya Ider
tptagain,David Anton Guijarro
yurisolo,Yuri Solodovnichenko (X)
CheshireBat,Yuri Solodovnichenko (X)
artooon,Pranesh Munirethinam
SergeyKarjakin,Sergey Karjakin (i)
GM_Levan_Pantsulaia,Levan Pantsulaia
DominguezOnYoutube,Leinier Dominguez Perez
Izoria123,Zviad Izoria (*)
VitaliyBernadskiy,Vitaliy Bernadskiy
kpio91,Kacper Piorun
DrVelja,Velimir Ivic
Shankland,Samuel Shankland
rpragchess,Rameshbabu Praggnanandhaa
SpeedofLight0,Andrew Hong
VladimirKramnik,Vladimir Kramnik
sergoy,Sergey Drygalov
AnishOnYoutube,Anish Giri
pKiLz5Rn9b,David Gorodetzky (*)
danyuffa,Daniil Yuffa (S)
mukhin1,Aram Hakobyan (B)
HakobyanAram,Aram Hakobyan (B)
nijat_a,Nijat Abasov (?)
Muisback26,Rauf Mamedov
Shant_Sargsyan,Shant Sargsyan (C)
9ShMat2,Matvei Shcherbin (X)
ZapataCharlesS,Santiago Zapata Charles (X)
Elshan1985,Elshan Moradi Abadi
gkchesstiger,Gata Kamsky (*)
Fighterman91,Pouria Darini
Igrok3069,Alexey Dreev
BahadirOzen,Bahadir Ozen (B)
Enozen,Bahadir Ozen (B)
PaulfromSPb,Pavel Anisimov (S)
Kaphrep,Francesco Rambaldi
GMVallejo,Francisco Vallejo Pons
GalperinPlaton,Platon Galperin (S)
atbenina64,Abtin Atakhan
Padenie_Zvezd,Stanislav Bogdanovich (d)
DangerousPlayer1st,Khazar Babazada (M)
Beca95,Aleksandar Indjic
hansen,Eric Hansen
rasmussvane,Rasmus Svane
champ2005,Raunak Sadhwani
amintabatabaei,Amin Tabatabaei
Zhigalko_Sergei,Sergei Zhigalko
Zubov_Alexander,Oleksandr Zubov (?)
Alexander_Zubov,Oleksandr Zubov (?)
megarompa,Lucas Liascovich (B)
lucliasco,Lucas Liascovich (B)
Sanan_Sjugirov,Sanan Sjugirov
Shield12,Shamsiddin Vokhidov (!)
Vokhidov11,Shamsiddin Vokhidov (!)
GadimbayliA,Abdulla Gadimbayli
AkshatChandra,Akshat Chandra (S)
Alexsur1981,Aleksei Pridorozhni (i)
Evgeny_Levin,Evgeny Levin (X)
chito89,Axel Bachmann
YQPerez,Yasser Quesada Perez
lorcho,David Larino Nieto (B)
AlexanderL,Aleksandr Lenderman
Zkid,Steven Zierk
anon6121824,Khazar Babazada (M)
Rud_Makarian,Rudik Makarian
shimastream,Aleksandr Shimanov
KuzubovYuriy,Yuriy Kuzubov
Hrant_ChessMood,Hrant Melkumyan
Andreikka,Andrey Esipenko
Korchmar_Vasiliy,Vasiliy Korchmar
Volodar_Murzin,Volodar Murzin
Onischuk_V,Vladimir Onischuk
severomorskij,Aleksandr Moiseenko
moro182,Luca Moroni
Guenplen,Boris Grachev (i)
Grandelicious,Nils Grandelius
garcho08,Susanto Megaranto (i)
Durarbayli,Vasif Durarbayli
Mykola-Bortnyk,Mykola Bortnyk
VerdeNotte,Gawain Jones
GrigorGrigorov,Grigor Grigorov
Kacparov,Kacper Drozdowski
Zlatan56,Laurent Fressinet
Varskelis,Tomas Laurusas
LaStreetCmaMaison,Christophe Sochacki
TimofeevAr,Artyom Timofeev (i)
mbojan,Bojan Maksimovic
Zhuu96,Zhamsaran Tsydypov
snowlord,Ivan Yeletsky
eljanov,Pavel Eljanov
AnishGiri,Anish Giri
Angry_Twin,Andrey Drygalov
Gevorg_Harutjunyan,Gevorg Harutjunyan
SenseiJulio,Julio Sadorra
ViditYT,Vidit Santosh Gujrathi
LastGladiator1,Aydin Suleymanli (?)
Arystanner,Arystanbek Urazayev
AntonSmirnov,Anton Smirnov
MarcoRiehle,Marco Riehle
facu57,Facundo Quiroga (X)
abhijeetgupta,Abhijeet Gupta (M)
Nyzhnyk_Illia,Illia Nyzhnyk
EvgenyT,Evgeny Tomashevsky (i)
Aygehovit1992,Nikita Matinian
Legendinunknown,Harshavardhan G B
GMAkobianSTL,Varuzhan Akobian (C)
xxysoul6,Xu Xiangyu
ilya261991,Ilya Duzhakov (i)
Tobi-Wan-Kenobi,Tobias Hirneise (X)
TomsKantans,Toms Kantans
fm9714,Oleg Artemenko (i)
Mr_Heisenberg13,Joseph Girel
PowerThinking2650,Oleg Terletsky
bilelou,Bilel Bellahcene
dreamist,Vladimir Zakhartsov (B)
Sadovsky_Artem,Artem Sadovsky (X)
Maybe00,Pier Luigi Basso (*)
Danesz22,Daniel Baratosi
GMVar,Varuzhan Akobian (C)
Sophiste2,IM Sophiste2 (*)
Sam_ChessMood,Samvel Ter-Sahakyan
VincentKeymer,Vincent Keymer
GMBenjaminBok,Benjamin Bok
Bulldog167,Leon Livaic (*)
Keranke,Vladimir Seliverstov
DanielDardha2005,Daniel Dardha
h4parah5,Jaime Santos Latasa (B)
Arash_Tahbaz,Arash Tahbaz
LuckyTiger,Valeriy Aveskulov
zmaj23,Marko Sokac (X)
Sargsyan_Shant,Shant Sargsyan (C)
Infernal_XaM,Pavel Ponkratov
GMG,Andrey Gorovets
VovAn1991,Andriy Vovk
Denis_Makhnyov,Denis Makhnev
Baku_Boulevard,Rauf Mamedov
VSERGUEI,Sergey Volkov
Man-Chuk,Manuel Petrosyan
crescentmoon2411,Nguyen Ngoc Truong Son
Sychev_Klementy,Klementy Sychev
igorkovalenko,Igor Kovalenko
TenisMaster,Yuniesky Quesada Perez
Alexander_Donchenko,Alexander Donchenko
kleinebeer98,Thomas Beerdsen
DeviatkinAndrey,Andrey Devyatkin
Masmos97,Masoud Mosadeghpour (S)
ShimanovAlex,Aleksandr Shimanov
petrpalachev,Petr Palachev (i)
I_am_Javi,Ernesto J. Fernandez Guillen
Cruel_Yaro,Yaroslav Zherebukh
Arseniy_Nesterov,Arseniy Nesterov
BrandonJacobson,Brandon Jacobson (?)
gmjlh,Jon Ludvig Hammer
Koksik_13,Maxim Lugovskoy (S)
1stSecond,Nikita Meshkovs
GMSrinath,Srinath Narayanan
krzyzan94,Marcin Krzyzanowski
yosephtaher,Yoseph Theolifus Taher
Nitzan_Steinberg,Nitzan Steinberg
gena217,Guillermo Vazquez
Rsnr,Arsen Kukhmazov
NaziPaiki,Nazi Paikidze
LiamVrolijk,Liam Vrolijk (M)
Vrolijk,Liam Vrolijk (M)
stollenmonster,Egor Baskakov
Supernotar,Alexey Maly (S)
rezamahdavi2008,Reza Mahdavi
DonkyDonkyDonkey,Eray Kilic
Jakhongir-Vakhidov,Jakhongir Vakhidov (B)
GM_Huschenbeth,Niclas Huschenbeth
FaustinoOro,Faustino Oro
BegmuratovKh2010,Khumoyun Begmuratov (C)
Tjktiger,Daler Vakhidov (i)
GM_Barcenilla,Rogelio Barcenilla
okriak,Dmitry Obolenskikh
Mischuk_D,Dmitry Mischuk
MateusViageiro,Mateus F. Viageiro Alice
uzbektiger95,Jakhongir Vakhidov (B)
Fusikk,Jakub Fus
DanielMieles1985,Daniel Mieles Palau
lexiel,Aleksandra Dimitrijevic
leoo2001,Vugar Asadli (C)
AsadliVugar,Vugar Asadli (C)
maloy07,Javokhir Sindarov (M)
SantoBlue,Vahap Sanal
swayamsm,Swayams Mishra
frederiksvane,Frederik Svane
BocharovD,Dmitriy Bocharov
Chopper1905,Mustafa Yilmaz
xamax2000,Max Warmerdam
KenanGarayev,Kanan Garayev (B)
GarayevKanan,Kanan Garayev (B)
Krakozia,Denis Khismatullin
fireheart92,Adhiban Baskaran
Rodalquilar,Leonardo Tristan
ArnaudovP,Petar Arnaudov
ShiroglanTalibov,Shiroghlan Talibov
AbasovN,Nijat Abasov (?)
A-Fier,Alexandr Fier
baki83,Etienne Bacrot
Tilicheev_Viacheslav,Viacheslav Tilicheev (B)
MrMotley,Viacheslav Tilicheev (B)
Mugzyyy,Romain Edouard
Szparu,Milosz Szpar
Dedic8,Sergei Lobanov
Sina_Movahed,Sina Movahed
Cayse,Martyn Kravtsiv
FormerProdigy,David Navara
Rakhmanov_Aleksandr,Aleksandr Rakhmanov
chesspanda123,Yu Yangyi
maciek_92,Maciej Klekowski
artin10862,Artin Ashraf
Lukianoo,Luka Paichadze
Funo09,Viktor Gazik
XDPS,Pablo Salinas Herrera
bascheyaro,Roman Yanchenko
KazakhFighter04,Kazybek Nogerbek
DuleMudule,Igor Miladinovic
TimurGareyev,Timur Gareyev (i)
TamirNabaty,Tamir Nabaty (i)
Tacticalon,Aydin Suleymanli (?)
AnthonyWirig,Anthony Wirig
HomayoonTofighi,Homayoon Tofuighi (i)
1977Ivan,Ivan Ivanisevic
Vusatiuk_Vladimir,Volodymyr Vusatiuk (S)
Arm-Akiba,Gabriel Sargissian
fastestmindalive,Paulo Bersamina
abykhovsky,Anatoly Bykhovsky
ChessTrener,Dejan Stojanonvski (?)
TrainerDejan,Dejan Stojanonvski (?)
gmshanmeruga,Shanmukha Meruga (M)
BuyBoxBandit,Shanmukha Meruga (M)
GMTalks_Youtube,Sune Berg Hansen
Azzaro25,Anish Giri
JustaTrickstar,Titas Stremavicius (?)
ViciousTitas,Titas Stremavicius (?)
komandoras123,Titas Stremavicius (?)
RitchieBlackmore,Ravil Gabitov (X)
macko06,Marek Karas (?)
Vaathi_Coming,Aravindh Chithambaram
K_A_S_T_O_R,Rodrigo Vasquez
SergeiAza,Sergei Azarov (*)
Sereiaza,Sergei Azarov (*)
ExploringChess,Christian Braun (C)
Exploring_Chess,Christian Braun (C)
GMHess,Robert L. Hess
Harsha_Bharathakoti,Harsha Bharathakoti
GMNeiksans,Arturs Neiksans
Malev212,Jaan Ehlvest
Eduard_Limonov,Yaroslav Remizov
youngKID,Karthikeyan Murali
kuban1991,Oleg Vastrukhin (M)
vastra91,Oleg Vastrukhin (M)
Iball95,Igor Vakhlamov
Noukii,Yannick Gozzoli (M)
Vugar_Manafov,Vugar Manafov (S)
Bauman_Guy,Konstantin Popov
Abund,Qingyu Yuan
Pitomina,Pedro Martinez
Atakishiyev04,Elmar Atakishiyev (?)
EAtakishiyev11,Elmar Atakishiyev (?)
Twitch_ElhamBlitz05,Elham Amar-Abdrlauf (*)
Niclox,Nicolas Abarca (C)
c63_amg,Artiom Samsonkin
TRadjabov,Teimour Radjabov
Tarlev_Konstantin,Konstantin Tarlev
Mornar1951,Ante Saric (i)
Sychev_on_YouTube,Klementy Sychev
viviania,Vasyl Ivanchuk
JaimeSantosLatasa,Jaime Santos Latasa (B)
David_Paravyan,David Paravyan (*)
scarabee43,Marco Materia
ChessQueen,Alexandra Kosteniuk
Experience_Chess,Valery Kazakouski (M)
honestgames,Egor Lashkin
Shtembuliak,Evgeny Shtembuliak
ahmadzada13,Ahmad Ahmadzada (?)
Frolyanov_D,Dmitry Frolyanov
Robert_Chessmood,Robert Hovhannisyan
littleplotkin,Mark Plotkin
Canonkasparov,Conrado Diaz (i)
BartoszSocko,Bartosz Socko
Ar4uha,Arturs Bernotas
Alexchess1984,Alexey Kislinsky
2nd_life,Florian Jenni (*)
hitaman,Mykhaylo Oleksiyenko
Nikolas1408,Nikolas Lubbe
Pultis,Paulius Pultinevicius (M)
fearless_guy,Semyon Lomasov
gmgamil,Cemil Aghamaliyev (i)
HowToTameADragon,Atulya Vaidya (X)
FrostNova,Ian Nepomniachtchi
Yaacovn,Yaacov Norowitz
Dr-Bassem,Bassem Amin
Matibar,Mateusz Bartel
JoachimBN,Joachim B Nilsen
ArjunErigaisi2003,Arjun Erigaisi
ckgchess,Cem Kaan Gokerkan
Smirnov_Pavel,Pavel Smirnov
the_chess_child,Ilamparthi A R
ViIIagra,Cristobal Henriquez
ErnestoGuevaraLynch,Hasta Siempre
Igor_Lysyj,Igor Lysyj
Imre91,Imre Balog
bardiya_Daneshvar,Bardiya Daneshvar
Elsa167,Leon Livaic (*)
Gabrielian_Artur,Artur Gabrielian
MatthewG-p4p,Matvey Galchenko
VojtechPlat,Vojtech Plat
Krutoy123,Saveliy Golubov (i)
IMHansNiemann,Hans Niemann (M)
MrTattaglia,Adam Kozak
MikaelyanArman,Arman Mikaelyan
PLAYER_2006_M,Mukhiddin Madaminov
Reader777,Read Samadov
Radzio1987,Radoslaw Wojtaszek
TrickyTrapChess,Leo Creger
Jumbo,Rinat Jumabayev
German_Bazeev,German Bazeev
adotand,Pranav Anand
nubair1198,Mohammad Nubairshah Shaikh
EREBUNI91,Hrair Simonian (S)
Dhaydon19,David Haydon
gmjoey1,Rogelio Jr Antonio
Evgeny81,Evgeny Postny
Kezin_Roman,Roman Kezin
ChessLover0108,Mahammad Muradli
LOVEVAE,Wei Yi
StephenDedalus83,Nikola Djukic
NewBornNow,Viorel Bologan
tsaruk_maks,Maksim Tsaruk
vovachesss,Vladimir Mikhailovsky
Valera_B5,Valery Sviridov (C)
fmshawnrl123,Shawn Rodrigue-Lemieux
Seochesspie,Seo Jungmin
KrolPawel92OnTwitch,Pawel Kowalczyk (?)
P_Kowalczyk,Pawel Kowalczyk (?)
KrolPawelTV,Pawel Kowalczyk (?)
dusanacns,Dusan Popovic
LiamPutnam2008,Liam Putnam
remi04,Tsvetan Stoyanov
QuintilianoR,Renato Quintiliano
1random,Aaron Jacobson (?)
WorriedEgg,Aaron Jacobson (?)
Gavris,Aaron Jacobson (?)
Zavgorodniy_Serg,Sergiy Zavgorodniy
arctic_t00,Teodora Injac
Mfcyryd,Christopher Guzman (C)
UnPolarizing,Alex Ziqi Ding (i)
Harbuzi01,NM Harbuzi01 (X)
Eagle_pada,Sebastian Bogner (B)
swimmerchess,Siva Mahadevan (i)
alexrustemov,Alexander Rustemov
MetiForce,Mahdi Gholami Orimi
kuli4ik,Mikhail Demidov
Alex_Sahakyan2006,Alex Sahakyan
Kobalia,Mikhail Kobalia
FGHSMN,Bharath Subramaniyam
gmcorrales,Fidel Corrales Jimenez
Blitzstream,Kevin Bordi
AvitalBor,Avital Boruchovsky
Murad_Ibrahimli,Murad Ibrahimli
FXDon77,Xu Yi
spectralsoul,Esteban Valderrama
AlexeiShirov,Alexei Shirov
dragos420,Dragos Ceres (S)
Paralinch,Daniil Lintchevski
Alexandr_Predke,Alexandr Predke
Sankalp_Gupta2003,Sankalp Gupta
Daniel_Fridman,Daniel Fridman
rednova1729,Awonder Liang
attack2mateU,Razvan Preotu
x-5963514717,FM x-5963514717
1800_strength,Dachey Lin
ruifeng,Ruifeng Li
Sokoloco,Yahli Sokolovsky
Abdimalik_Abdisalimov,Abdimalik Abdisalimov (i)
anon219,David Gavrilescu (?)
Zhani-Z,Zhanibek Amanov
Babageldi,Babageldi Annaberdiyev (C)
BabageldiAnnaberdiyev,Babageldi Annaberdiyev (C)
Keaton87,Keaton Kiewra
Tormoz,Daniel Fridman
lestri,Aleksa Strikovic
Tomsel,Mark Tran (X)
DrHolmes13,Juhasz Armin (?)
CentrumSakkiskola,Juhasz Armin (?)
Baby_Legs,Arik Braun
GMMelik,Melikset Khachiyan
dondimi,Bachana Morchiashvili (i)
Tayson_7,Mukhammadali Abdurakhmonov (S)
Vladimir_Zakhartsov,Vladimir Zakhartsov (B)
Antipov_Mikhail_Al,Mikhail Antipov
NikoTheodorou,Nikolas Theodorou (*)
Prizant_academy,Ivan Zemlyanskii
Nouki,Yannick Gozzoli (M)
nrvisakh,Visakh Narayanan Rajeshwari
tjychess,Jingyao Tin
Gordima,Dmitry Gordievsky
kingofthenil,Mahel Boyer
TanitoluwaAps116,Tanitoluwa Adewumi
zaur-mammadov,Zaur Mammadov (S)
Khamrakulov_Djurabek,Djurabek Khamrakulov
AlexTriapishko,Alexandr Triapishko
Rikikits,Maxime Lagarde
Newlight1,NM Newlight1
promen1999,Benjamin Gledura
GroovyKettle,Robby Kevlishvili
chessdude,Daniel Sadzikowski
Witik,Vjacheslav Weetik
NTBT_DHS,Son Dang
KhazarBabazada,Khazar Babazada (M)
bubacik,Christopher Repka (C)
AlmasRakhmatullaev,Almas Rakhmatullaev (?)
ChessBrah,Eric Hansen
GataKamsky1974,Gata Kamsky (*)
GasconJR,Jose Rafael Gascon
Dyadya81,Gevorg Harutjunyan
praveenb2002,Praveen Balakrishnan
MFBerna,Bernardo Vainzoff Sztokbant
Margency,Mert Erdogdu
LittlePeasant,Alejandro Ramirez (i)
jinbojinbo,Jiner Zhu
Irochka83,Irina Krush
aspired,Priyadharshan Kannappan
anon132639,Irakli Akhvlediani (i)
TrickyFortem,Andrii Vachylia (i)
Biranidun,Brandon Clarke
GiantThresher,GM GiantThresher
Anuar_Is,Anuar Ismagambetov
BaMBoMaTTo,Giuseppe Lettieri (S)
ahkashefi2800,Amir Hosein Kashefi
S2PAc,Kirill Stupak
cool4chess,Balaji Daggupati (*)
chessintuit,Balaji Daggupati (*)
ajkom197,Florian Mostbauer
MirMan90,Emre Can
velemajstor767276,Aleksandar Tomic
ViktorMatviishen,Viktor Matviishen (?)
Viktor_Matviishen,Viktor Matviishen (?)
Alexey_Potapov,Alexey Potapov (S)
MikhailovViacheslav,Viacheslav Mikhailov (C)
djano,Dawid Janaszak
Mikhail_Golubev,Mikhail Golubev
bazar-wokzal,Nikolai Vlassov
guillembaches,Guillermo Baches Garcia
AsaHoffmann,Asa Hoffmann
biostatistician,Daniel Taboas Rodriguez
GoltsevDmitry2000,Dmitry Goltsev
WPWPWP-2015,Wojciech Przybylski
ural58,Alexander Reprintsev
MikeSailer,Mike Sailer
Orest_Vovk,Orest Vovk
Manukyan_Artak,Artak Manukyan
dosto07,Julian Estrada
SHIVACalypso,Levente Miszler
MITerryble,Renato Terry
GMJustin,Justin Sarkar
MaxLeto,Maxim Omariev
jup1978,Juan Antonio Urbina Perez
PawnEatingZombie,Jeff Quirke
Lion-Al-Messi,Ward Al-Tarboush
m_ezat,Mohamed Ezat
GiorgianBarbosa,Daniel Rangel
aa175,Anthony Atanasov
IngOscarArdila,Oscar Ardila
esrosenberg,Evan S. Rosenberg
Slovak_fighter2000,Marek Karas (?)
ozates,Tuna Ozates
NMChessToImpress,Craig Clawitter
GianmarcoVaR,Gianmarco Leiva
Byniolus,Zbigniew Pakleza
AlexPapasimakopoulos,Alexandros Papasimakopoulos
GMKrikor,Krikor Mekhitarian
chessdjw,Dennis Wagner
CSB7,Balazs Csonka
Kildepiotr,Piotr Piesik
Goryachkina,Aleksandra Goryachkina
KNVB,Aman Hambleton
RobertoJBM,Roberto Junio Brito Molina
karinachess1,Karina Ambartsumova
IMRosen,Eric Rosen
Nf3c5,Iung Alicio de O. Pinheiro
BeanScreen,Zachary Tanenbaum
AldokhinIvan,Ivan Aldokhin
Arabicfalcon,Salem Saleh
Borsch7,Maxim Matlakov
2Vladimirovich90,Dmitry Andreikin
Aravindhchess1999,Aravindh Chithambaram
erichansen,Eric Hansen
LordBalrog,Rustam Khusnutdinov (M)
OhanyanEminChess,Emin Ohanyan
12teen,Janak Awatramani
anasta10,Anastasia Avramidou
WindWhistler11,Daniel Gutierrez Olivares
Road2GM3000,Sean Senft
Zgorl,Rob Schoorl
Goi_Manne,Fabian Jahnz
KorolDimitriy75,Dimitry Korol
Lady_Nika,Veronika Shubenkova
Larina_Maria,Maria Larina
Meri-Arabidze,Meri Arabidze
myaccount88,Jesse James
TrimitziosP7,Petros Trimitzios
Gravity_Chess,Gabriel Arteaga
whyme85,Abdulla Kashwani Faisa
Alkhoori90,Ahmed Alkhoori
Flawless_Fighter,Polina Shuvalova
Chessmissile07,Suresh Harsh
gurelediz,Ediz Gurel
NikaVolkov,Nika Volkov
BardArtem,Artem Bardyk
HeroWilczek,Igor Wilk
LileKoridze,Lile Koridze
CarlMagnuson,Carl Magnuson
Veleamater,Djuro Skaric
Witty_Alien,Volen Dyulgerov
ninguno46,Hernan Ramon Filgueira
hristos03,Hristos Marinakis
Romkachess,Roman Gavrilin
NotYetFinish,Jose Martinez Alcantara
Philippians46,Andy Woodward
ulises2013,Marcos Lianes
mitrabhaa,Mitrabha Guha
legendisback1,Yagiz Kaan Erdogmus
Tobias_Koelle,Tobias Koelle
0gZPanda,Anthony He
bubeliang,Havard Haug
Rutricks,Ruben Domingo Nunez
ManuDavid2910,Manu David
IM_ArthurDW08,Arthur De Winter
TranJMinh,Tran Tuan Minh (C)
Janosik,Falko Bindrich
super_emi_26,Nikoloz Petriashvili (*)
PursuitOfHappyness2,Abhimanyu Mishra
AnaKuchava,Ana Kuchava
le-koala-fou,CM le-koala-fou
harshu27,Aditya Arutla
RamyresCoelho,Ramyres Santana Coelho
chess123456s,Shubh Laddha
malakismayil,Malak Ismayil
doublesik,Pranav Prem
HanSchut,Han Schut
DamianoLew95,Damian Lewtak
VD_coach,Vardan Danielian
JiiHart,Jarmo Hartikainen
BigAl,Ali Mortazavi
emeli_chess,Evgeny Melikhov
ErikRonka,Erik Ronka
InitiatingASC,Michael Buscar
SaqoChess_Twitch,Sargis Manukyan
LuisFSiles,Luis Fernandez Siles
Bilan_Danila,Danila Bilan
HrvojeZagreb,Hrvoje Fajdetic
nitpicker,Dan Shapiro
Zq1,Dmitry Gurevich
tteshan,Nadya Toncheva
Iskusnyh,Sergei Iskusnyh
pirulillo,Antonio Lopez Del Alamo
JoliyRoger,Aleksandr Devaev
The_Machine04,Ruben Gideon Koellner
FMOlexandrProhorov,Oleksandr Prokhorov
shirovin,Marcel Winkels
Kotofeyca,Konstantin Begunov
ljuks68,Sergei Ljukin
AleksanderHnydiuk,Aleksander Hnydiuk
Schattman,Florian Gatterer
Kostukov_Alex,Alexandr Kostiukov
sergeikim,Sergey Kim
Sanyura,Aleksandra Maltsevskaya
HouseOfDurin,Miroslav Simonovic
oskariot,Oskar Wieczorek
tylityli,Svetlana Vifleemskaia
Irakli_Akhvlediani,Irakli Akhvlediani (i)
KhazarBabazada007,Khazar Babazada (M)
LexySexy,Baadur Jobava (X)
Danesz2014,Daniel Baratosi
GorovetS,Andrey Gorovets
arturchix,Arturs Neiksans
RLH2,Robert L. Hess
KaydenTroffChess,Kayden Troff
KaydenTroff,Kayden Troff
GedoGluperd,Marko Makaj (X)
MarkoMakaj,Marko Makaj (X)
Sebastian,Leinier Dominguez Perez
JackSnipe,Benjamin Bok
SultanOfKings,Jon Ludvig Hammer
SoFluffy,Alex Ziqi Ding (i)
rhungaski,Robert Hungaski
kubrick28,Robert Hungaski
FlySooHigh,FM FlySooHigh
QuestToGM,Akshat Chandra (S)
Inopov,Chess-Pacman Boomboom
tac49,IM tac49 (X)
Schemato,FM Schemato
tigrangharamian,Tigran Gharamian
stepanosinovsky,Stepan Osinovsky
BjarkeSahl,Bjarke Sahl
darsen_sanzhaev,Darsen Sanzhaev
IMDbx,Nikita Meshkovs
AndreyOstrovskiy,Andrey Ostrovskiy
IMLevAltounian,Levon Altounian
Novak_Pezelj,Novak Pezelj
FMRosen,Eric Rosen
Mazetovic,Sebastien Maze
patzerplay,Michael Auger
FabianEnglert,Fabian Englert (i)
real_ET,Fabian Englert (i)
JRgascon,Jose Rafael Gascon
renatoterrylujan,Renato Terry
bugsbunny444,Hasta Siempre
REALBIZOO,Anthony Wirig
SCIM,Koen Leenhouts
lukas_111111,Lukasz Jarmula
brauliocuarta,Cuarta Braulio (X)
HansCoolNiemann,Hans Niemann (M)
alturas_pacificas,Sylvain Carre
pacific_heights,Sylvain Carre
Recombinant,Benedict Smail (i)
Guardalban,Benedict Smail (i)
DanielRensch,Daniel Rensch
jbj,Jim Oglethorpe
kesarev,Kakadu Hafanana
guillead1,Guillermo Di Benedetto
jaup,Juan Antonio Urbina Perez
MattyDPerrine,Dalton Perrine
iFrancisco,Francisco Guadalupe (i)
chessloveyou,Abdulla Muhsen
shrekdavid,David Gorodetzky (*)
AlmirDzhumaev,NM AlmirDzhumaev
AndrewMcStone,Andrea Della Pietra
AnastasiaProtopopova,Anastasiya Protopopova
NastyaPro,Anastasiya Protopopova
chesstatour,NM chesstatour (i)
ilmago,CM ilmago
OIAM03,Oriana Isabel Aponte
darkknight123456,Saumil Padhya
saumilpadhya,Saumil Padhya
David_Klein,David Klein
Zvonokchess,Nikita Petrov (B)
zvonokchess1996,Nikita Petrov (B)
grandmastergauri,Gauri Shankar
chillinx,Armen Hachijan
AccioChess,Padmini Rout
WanderingPuppet,Matthew O'Brien
pedromartinez91,Pedro Martinez
eltenedor,David Bennett
gumersindo,Erick Garcia (X)
kharposh,Farzad Abdi
Cryptochess,Alexander Katz
SmarterChess,Matt Jensen
smarterchess,Matt Jensen
VB84,Vladimir Belov
esr44,Evan Rosenberg (X)
Viaje,Matthew Larson
jlandaw,Julian Landaw
ChadaevNikolay,Nikolay Chadaev
Colombiano07,Daniel Eduardo Lopez Idarraga
Philofive,FM Philofive (i)
oggy1984,Ognjen Matko
aripov96,Iskandar Aripov (X)
Iskandarpov,Iskandar Aripov (X)
only_defence,CM only_defence (X)
Bek04,Nodirbek Abdusattorov
x-7351414614,NM x-7351414614-FancyPlaySyndrome
FancyPlaySyndrome,NM x-7351414614-FancyPlaySyndrome
matein28,Damir Studen
canonjamaicaella,Conrado Diaz (i)
DragonB70,Nhat Minh To
Ginger_GM,Simon Williams
Lupul_Cenusiu,Marius Manolache
manolash,Marius Manolache
Danirod,Daniel Rodriguez Portela
jumbas,Bernardo Vainzoff Sztokbant
Spartakus1975,Spartak Vysochin
Sadorraski,Julio Sadorra
mwpchess,Andrii Punin
michaelk123,Michael Kleinman
Tesla37,Sergei Movsesian
chessking2151,FM chessking2151
Storne89,Nikola Nestorovic
NMJeevanK,Jeevan Karamsetty
ViktoriaGloriam,Viktoria Bukhteeva (X)
BakaPG,Blazo Kalezic
Gabrinsky,Aaron Grabinsky (M)
arnacman,FM arnacman
Torre42,Esteban Valderrama
AndroQueen,GM AndroQueen
PArnaudov,Petar Arnaudov
Siana,Yannick Gozzoli (M)
ZEN-22,Kamran Shirazi
Fh2411,Le Thao Nguyen Pham
wanyaland,Harold Wanyama
matiniannikita,Nikita Matinian
LePlusMortel,Jan van de Mortel
MMSANCHEZ,Max Gedajlovic
SerGo055,Sergey Nefedov
Nefedov_Sergey,Sergey Nefedov
GMharikrishna,Pentala Harikrishna
bs86,Boris Savchenko
BIG_Pirate,Igor BIG_Pirate
Rekcul,Igor Vakhlamov
MisaPap,Misa Pap (i)
HustleStandard,Sebastien Feller (i)
adypady02,Advait Patel
ficorrales,Fidel Corrales Jimenez
Emryss,Daniel Sadzikowski
AdrianaNikolova,Adriana Nikolova
jsdbv,Jorge Bobadilla (C)
jsdbv18,Jorge Bobadilla (C)
Tonychess32,Antonio Arencibia
Arencibia84,Antonio Arencibia
arturovich,Alexander Moskalenko
OldweakGM,Ronen Har-Zvi
matej2221,Matej Blazeka (i)
Iuri_Shkuro,Iuri Shkuro
anon102030,Corey Acor
TampaChess,Corey Acor
iiilllii1llil,PeteMitchell-JohnBryant (X)
JDBryant,PeteMitchell-JohnBryant (X)
IIIlllII1llIl,PeteMitchell-JohnBryant (X)
yopino,Lazaro Pino (?)
Bishops83,Lazaro Pino (?)
Abrito99,Ruben Domingo Nunez (X)
LazovT,Toni Lazov
MaestroASK,Aleksei Kireev (i)
bersapaulo,Paulo Bersamina
workhard91,Armin Farmani Anosheh (i)
simonachess,Simona Limontaite
lionheart95,Paolo Ladron de Guevara Pinto
Lapitch,Adrien Demuth (i)
klounessa,Daniil Lintchevski
NDePinEsPeRG,Ruslan Ponomariov (*)
R-Ponomariov,Ruslan Ponomariov (*)
Drags95,Kamil Dragun
Zaven_Andriasyan,Zaven Andriasian (C)
jk13,Jake Kleiman
theprosecution1,Miodrag Perunovic (i)
TheButcher,Miodrag Perunovic (i)
Sethu0025,Sethuraman Panayappan Sethuraman
Ilja_Semjonovs,Ilja Semjonovs (X)
bivark,Bjorn Ivar Karlsson
sandropozo,Sandro Pozo Vera
eldur16,Johann Hjartarson
Astaneh,Alex Astaneh Lopez
Incognito_Knight,Volodymyr Vetoshko
PelinGorki,FM PelinGorki-Multivitamin73
Multivitamin73,FM PelinGorki-Multivitamin73
gmwesley_so,Wesley So (*)
GM_Splinter,Dusko Pavasovic (i)
Unico10,Gianmarco Leiva
Hunninn,Bjorn Thorfinnsson
plouarzel,Stephane Bressac (?)
veniveniveni,Stephane Bressac (?)
Bengalas,Luis Ignacio Rubio Mejia (i)
keisyzrk,NM Krzysiek (i)
Goala,Elias Oussedik
Bad4life,Thomas Bauer
khekhm,Toms Kantans
sorito,Cristian Aranda Marin (i)
feigelag,Johannes Luangtep Kvisla (i)
VMikhalevski,Victor Mikhalevski
justantan,Justin Tan
abubakrtagelsir,Abubaker Tagelsir
djogrodek1,Mateusz Paszewski
Roachelley,Rochelle Wu
tanki97,Rochelle Wu
EgorGeroev,Alexander Morozevich (i)
Quaternitychess,Alexander Morozevich (i)
Michelangelo,Luka Lenic
Frolik67,Nicholas Rosenthal (?)
RoseyChess,Nicholas Rosenthal (?)
cstefan,Romulus-Cristian Stefan (X)
Illingworth,Max Illingworth
popov_m,Mikhail Popov
TregubovP,Pavel Tregubov
JeffReinberg,NM JeffReinberg (X)
nekochabo,Junta Ikeda
SuperBlitz,Kevin Bordi
michaelq2d5,Michael Brown
evgenysharapov,Evgeny Sharapov (i)
GMMarcinDziuba,Marcin Dziuba (i)
SwordoftheMorningAD,Marcin Dziuba (i)
Trade09,Krikor Mekhitarian
Djeser,Cristobal Henriquez
johnathan113,Johnathan Bakalchuk
ditkin25,David Itkin
TheFlaminGM,Denis Kadric (*)
VladimirBelous,Vladimir Belous
Openyagami,Vladimir Belous
Real-boy,Djurabek Khamrakulov
Lunaticx,Peter Michalik (*)
robbykevlishvili,Robby Kevlishvili
TheDragonKing101,Derek Sachs
Diwi89,Daniele Vocaturo (i)
pulvettd,Daniel Eduardo
JSPrepz,Johan-Sebastian Christiansen
gammagramma,Vasily Usmanov
HarutyunianTigranK,Tigran Harutyunyan
benhal,Benjamin Haldorsen
SmoothAsAHedgehog,Andrew Horton
RoelandPruijssers,Roeland Pruijssers
asms9699,Atulya Shetty
Andrejs_Sokolov,Andrejs Sokolovs
timator,Gabriel Quispe (i)
TheBigBoss04,Jose Gabriel Cardoso
EndgameGrinder,Marek Zakrzewski
Marian90,Marek Zakrzewski
maximlavrov,Maxim Lavrov (?)
Lavrov_Maxim,Maxim Lavrov (?)
PetrosyanManuel,Manuel Petrosyan
Patzel09,Patrick Zelbel
nailbeshirli,Nail Beshirli
Rakhmanator,Aleksandr Rakhmanov
nikitakhoroshev,Nikita Khoroshev
omer1997,Omer Reshef
Annawel,Jules Moussard (!)
Angulo07,Oscar Angulo (X)
Dr_Mortimer,James Mortimer
Stouuf,Stephane Bressac (?)
Swarnapuri,Dhulipalla Bala Chandra Prasad (i)
Last7Samurai,Cemil Can Ali Marandi (M)
tsakos2731,FM tsakos2731 (X)
afgano29,Andres Felipe Gallego Alcaraz
FMJoseHerrera,Jose Antonio Herrera Reyes
stewiiegriffin,Jose Antonio Herrera Reyes
TastyFrenchFries,Jeffrey Xu
Dragon7040,Ahmad Asgarizadeh
Dragon1377,Ahmad Asgarizadeh
jerom555888,Roman Zhenetl (i)
grzechu96,Grzegorz Nasuta
ShadowJolteon,Caio Poeta
Danoninho,Caio Poeta
GhostOfGreenval,Anand Nadar
evgenyermolaev,Evgeny Ermolaev (i)
Thjop,Thore Perske
WinnerOleg,Oleg Papayan (i)
hypert,TM hypert
Wolf2005,Aydin Suleymanli (?)
josmito10,Miran Oganian
essequamvideris,FM essequamvideris-ginmaking
ginmaking,FM essequamvideris-ginmaking
Alekseyviktorovich,Alexey Alexeev
MehdiHosseinipour,Mehdi Hosseinipour (i)
CaptainCasanova,Sebastian Mihajlov
SaraciNderim,Nderim Saraci
Off-War,Emil Mirzoev
b_6,Matt Zavortink
KhalilMousavi77,SeyedKhalil Mousavi
wenx95,Jianwen Wong
RegZryt,IM RegZryt
1995Tiger,Tilsia Varela
tilsiav,Tilsia Varela
2bf41-0,Kirk Ghazarian
Kirkovsky,Kirk Ghazarian
jflup,Jordi Fluvia Poyatos
Zmiyevik2200,FM Zmiyevik2200-zadkiel27
zadkiel27,FM Zmiyevik2200-zadkiel27
RayRobson,Ray Robson
Benjoneliere44,IM Benjoneliere44-Benji93 (X)
Benji93,IM Benjoneliere44-Benji93 (X)
SavelijTartakover,Dmitry Kryakvin
Amirreza_p,Amirreza Pourramezanali
ElGasanov,Eldar Gasanov (i)
mikhaillushenkov,Mikhail Lushenkov (d)
GukeshDommaraju,Dommaraju Gukesh (i)
dommachess06,Dommaraju Gukesh (i)
sere99,FM Francesco
nurgyulsalimova,Nurgyul Salimova
JonahWillow,Jonah Willow
VFernandezB,Victor Fernandez Barrera
Floatingdream1,Xu Zhihang
IMxzh,Xu Zhihang
Shahinyan_ChessMood,David Shahinyan
David_ChessMood,David Shahinyan
spicycaterpillar,Ray Robson
Tash_Boy,Ortik Nigmatov
FedaMaster,Deniz Arman
temus_galaktionov,Artem Galaktionov
mouseWLZ,IM mouseWLZ (X)
ChessWeebs,GM ChessWeebs (i)
hermionegrangermagic,Varun Krishnan (X)
731291,Lance Henderson de La Fuente (?)
Lempire123,Lance Henderson de La Fuente (?)
Aleksandr_Kholin,Aleksandr Kholin (M)
Alexandr_Kholin,Aleksandr Kholin (M)
AleksandrKholin,Aleksandr Kholin (M)
SalgadoChess91,Ivan Salgado
WarlordX,IM WarlordX
ama18,Mobina Alinasab
M1711,Mads Vestby-Ellingsen
rst2003,Rohan Talukdar
jlucasvf,Lucas van Foreest
joshdaruca,Joshua Daniel Ruiz Castillo
Roman_Ovetchkin,Roman Ovetchkin
Valuebet2000,FM Valuebet2000 (X)
Grandmaster1369,Asghar Golizadeh
Spalir,Jernej Spalir
kosya4ok,Mikhail Mozharov
francyIM,Francesco Sonis
Kostya_Nikologorskiy,Konstantin Nikologorskiy (i)
BlueWizzard,Denes Boros
Vuk2000,Vuk Djordjevic
Zubrrr,Artyom Zubritskiy
liczner,Lukasz Licznerski
LuckIsMySkill,Daniel Fernandez
Triumphmate,Dushyant Sharma
pouya21,Pouya Idani
KRASAVCHIK2002,Ilja Semjonovs
gusanchutik,GM gusanchutik
AdrianPetrisor1992,Adrian Petrisor
AndrewMaco,Andrei Macovei
Andrei_Belozerov,Andrei Belozerov
Mr_Sinigami,Ivan Mezentsev (i)
vlad_Sid,Vladyslav Sydoryka (?)
vinniethepooh,Aditya Mittal
sganerdene,Gan-Erdene Sugar
jguerramzllo,Jose Mendez
FelixJoseYnojosa,Felix Ynojosa
Willychess95,William Hernandez Gonzalez
MiroVlasenko,Miroslav Vlasenko
Batica1984,Milos Perunovic
Dynamikus,Sebastian Bogner (B)
AustrianFalcon,Yair Parkhov
pheonixking2000,David Gorodetzky (*)
vpsetter,Timur Fakhrutdinov
Gubajdullin,Alexei Gubajdullin (?)
Alexei_Gubajdullin,Alexei Gubajdullin (?)
tioloko,Perro Loko (i)
Raja3401,Raja Harshit
JusticeBot,Steven Breckenridge (X)
FedoseevVladimir,Vladimir Fedoseev
MaximDlugy,Maxim Dlugy (M)
incrediblebubacik,Christopher Repka (C)
Chepaschess,Ivan Cheparinov (?)
GMCheparinov,Ivan Cheparinov (?)
chessonado,Maxim Dlugy (M)
cruise999,Zhou Jianchao (i)
abhijeetgupta1016,Abhijeet Gupta (M)
aquarium76,Nodirbek Yakubboev (C)
Wonderboy05,Javokhir Sindarov (M)
Javokhir_Sindarov05,Javokhir Sindarov (M)
Hamonde,Mark Paragua (M)
MarkParagua,Mark Paragua (M)
Mark_Paragua_PCAP,Mark Paragua (M)
tornikesanikidze,Tornike Sanikidze (!)
lonelyzeng,Zeng Chongsheng (!)
LVAIK,–êtanas Kolev (!)
AleksandrNevski,Milos Pavlovic (X)
transponster,Bobby Cheng (!)
CemilCan,Cemil Can Ali Marandi (M)
PrettyPrincess2002,Cemil Can Ali Marandi (M)
Tal-Baron,Tal Baron (B)
iamastraw,Brandon Jacobson (?)
lamastraw,Brandon Jacobson (?)
AlexSuv,Alexander Suvorov
Rybka1989,Petro Golubka (i)
obliviate12,Vaibhav Suri
Colchonero64,Nikita Vitiugov (i)
giantslayer83,Girish Koushik
Gloomy_Wanderer,Valery Kazakouski (M)
AlexVanGog,Aleksey Goganov (i)
abhidabhi,Abhimanyu Puranik
kakarot_001,Harikrishnan A Ra
Gabix_94,Gabor Nagy
Azeryahu,Gyula Pap
Maghalashvili,Davit Maghalashvili
Arjun2002,Arjun Kalyan (i)
Anonymous1762,Arjun Kalyan (i)
OminousOmen,Nikolas Theodorou (*)
jhonnyuribe,Jhonny Alberto Uribe (i)
suryaganguly,Surya Shekhar
Taron_Shagbazyan,Taron Shagbazyan
Alexander_Kachko,Alexander Kachko (i)
GmSergioBarrientos,Sergio Barrientos Chavarria
AlexOstrovskiy,Aleksandr Ostrovskiy
WIDBIFS,Erik Obgolts
PavelShkapenko,Pavel Shkapenko
iwanyu,Alvar Alonso Rosell
WildBizon,Alexander Gutenev
GiantThresher,Rustam Khusnutdinov (M)
Aleksey_Sorokin,Aleksey Sorokin
GregShahade,Greg Shahade
DeTimmerman,Mark Timmermans
Shubinkirill2003,Kirill Shubin
esapunov,Evgeny Sapunov (i)
Ducu14,David Gavrilescu (?)
DavidGavrilescu18,David Gavrilescu (?)
swisspower96,Noel Studer
Kosak12,Jakub Kosakowski
elohunter1999,Robert Baskin
NMShanMeruga,Shanmukha Meruga (M)
Sunerorlater,Sune Berg Hansen
Sippp,Muhammad Lutfi Ali
ENajer77,Evgeniy Najer
Harry_Rakkel,Krzysztof Jakubowski
bocah_sakit,Novendra Priasmoro
seorobert1971,Jung Min Seo (X)
GM_Crest,Sergey Shipov (i)
ram1zan,Ramazan Zhalmakhanov (?)
Brave_spirit12,Eldiar Orozbaev
goldihouse,Lars Stark
Tooweak2slow03,Bence Leszko (S)
rquery98,Rohan Ahuja
PopMilan95,Milan Popovic
jfriedel,Josh Friedel
Sharpchess22,Carlos Andres Obregon (M)
ymoy,Vadym Petrovskyi (i)
INLOVEWITHF,Tamas Gunes Ongut
Vanina1989,Valentina Gunina
stoleriu,George Stoleriu
Srinavasan,GM Srinavasan
superchess02,Panneerselvam Iniyan
babyking1205,Alekhine Nouri
DrVitman,Vitaliy Kiselev
IwkooO,Iwo Godzwon
GMRafpig,Rafael Leitao
jacky72,Mihnea Costachi
Kranke007,Khazar Babazada (M)
OK97,Ori Kobo
adnan_nn,Adnan Nadimifar
elextranjero00,Ernesto Real de Azua
Aborigen_came,Alexey Jarovinsky
debashisdebs,Debashis Das
g3god,Sasikiran Krishnan
Kretov_Evgenij,Evgenij Kretov
Semen_Khanin,Semen Khanin
Petriashvili02,Nikoloz Petriashvili (*)
ShapkinAnatoliy,Anatoliy Shapkin
azikom,Azer Mirzoev
LPSupi,Luis Paulo Supi
Shahaliyev,Ismayil Shahaliyev
Susal_De_Silva,Susal Thewjan de Silva
TST2014,Tigran Nazaretyan (i)
Zurability,Zurab Javakhadze
DLR7,David Lana (?)
DavidLana1987,David Lana (?)
Skat2704,FM Skat2704 (i)
SaraBlackPanther,Bibisara Assaubayeva
Didici,Lorenzo Lodici
RovenVogel17,Roven Vogel (X)
username903258295,Roven Vogel (X)
AhmadzadaA,Ahmad Ahmadzada (?)
BogdanBelyakov89,Bogdan Belyakov
Gusarov91,Grigory Gusarov
olksuna,Leandro Krysa
rend1987,Sayed Javad Alavi
delphin11,IM delphin11
Ali_rastbod,Ali Rastbod
HomelessSteven,FM HomelessSteven
Tom_19881106,GM Tom_19881106 (X)
Aguiar94,Lucas Aguiar Cunha
NateSolon,Nate Solon
bangchess21,Yinn Long Wong
SchmakAttack,Sam Schmakel
Lestofante90,Danyyil Dvirnyy
GelmanAlexander,Alexander Gelman
mat_kolosowski,Mateusz Kolosowski
GMCarlosAObregon,Carlos Andres Obregon (M)
GothamChess,Levy Rozman
LiverpooL174,Andrei Matsenko
Vazabanga,Oleg Yaksin
Lovkov_Roman,Roman Lovkov
PlayChessSimple,Anatoliy Polivanov
Niktlt,Arseny Alavkin
Houdinovic,Shiyam Thavandiran
PourAghaBala_Amirreza,Amirreza Pour Agha Bala
Undisputed92,Shyaam-Nikhil P
Happy1712Drummer,Viktor Dmitrenko
Ramil_Faizrakhmanov,Ramil Faizrakhmanov
Saxar85,Zahar Efimenko
AtabayevSaparmyrat,Saparmyrat Atabayev
carlesdc96,Carles Diaz Camallonga
suyu28,Suyog Wagh
Skat2704,FM Skat2704
Mikhail_Bryakin,Mikhail Bryakin
Arigu07,Ari Guz
ValeriyGrinev,Valeriy Grinev
Buffy7,Burak Firat
tomasdanada,Tomas Danada
Bayernbk,Jay Walker
alexander-evdokimov,Alexander Evdokimov (i)
blitzking1729,Srihari L R
MustafayevFarid2004,Farid Mustafayev
ftorodent,Andrey Rychagov (i)
Beltraxtor,Viachaslau Zarubitski
Miguelito,Miguel Santos Ruiz
ApacheSVD,Guenther Wachinger (i)
Marta_gm,Marta Garcia
tdf98pantani,Pawel Jaracz
DoHoChess,Dominik Horvath (C)
panmichel1996,Panagiotis Michelakos (S)
Aradhya2000,Aradhya Garg
Agibileg,Uurtsaikh Agibileg
MightyGMpretender,Antonio Kozak
cassoulet,Jonathan Dourerassou
Djager97,Dashgyn Ibadov
viktorskliarov,Viktor Skliarov
Makswolf200817,Maksim Volkov
ActorXu,Xu Yi
KroshkaKami,Kamila Hryshchenko (S)
Kamila0411,Kamila Hryshchenko (S)
Grandmaster2B,Grayson Rorrer
papapizza,Ben Li
DuDaKi,Daniel Fernandez
Yaryi_sergey,Sergey Jary (i)
DryCounty,Alex Fishbein
dmitrijiIM,Dmitry Rostovtsev
MiFerz44,Viacheslav Mikhailov (C)
chessfatbear,Jun Zhao
AradNazari,Arad Nazari
OriTaichman,Ori Taichman
WhiteKnight2612,Rohith Krishna
TrahtarBelarus,Artiom Stribuk
M-Mar04,Mariam Mkrtchyan
koziororo,Michal Koziorowicz
CrgKrishna,Krishna CRG
Qnmeng,Kaiyu Ning
Ol_Bilych,Olexiy Bilych (S)
GM_shahin,Shahin Lorparizangeneh
chargemax23,Oliver Dimakiling
hurricane7791,Pere Garriga Cazorla
gilbert_gm,Gilbert Elroy Tarigan
Iustin106,Iustin Ciorgovean
almo64,Alexander Motylev (i)
albi1999,Alberto Barp
KyronGriffith,Kyron Griffith
Trankuilizer,Levente Vajda
Hasangatin_Ramil,Ramil Hasangatin
Sl4werThanYou,Edvin Trost
Mikasinski,Mihailo Djokic
tvjosue,Josue Araujo Sanchez
mishikomchedlishvili,Mikheil Mchedlishvili (S)
DmitryMaximov,Dmitry Maximov
Nikolakis2014,Stelios Halkias
Marcus_Harvey,Marcus Harvey
PeshkaCh,Tykhon Cherniaiev
IgorBjelobrk,Igor Bjelobrk
Eternauta2400,Pablo Glavina
FEKKET-ESZTER,Jubin Jimmy
HalfIsCrayfish,Sebastian Poltorak
harlem4brew,Brewington Hardaway (X)
x-5963514717,Alexandros Dounis (*)
Maskless_Beast,Alexandros Dounis (*)
BAS8892,Asylbek Abdyjapar
Ehsan_GhaemMaghami,Ehsan GhaemMaghami (i)
KononenkoD,Dmitry Kononenko
leejunhyeok,Jun Hyeok Lee
NailBashirli,Nail Bashirli
peonrojo150,Gonzalo Navarrete (?)
GatoRojo150,Gonzalo Navarrete (?)
ENEASZ,Eneasz Wiewiora
maurovargas01,Mauro Vargas
cristiano78,Cristiano G Souza
ccccvhhhj,Galina Novikova
queen_iryna,Irina Petrova
akanga001,Barthelemy Bongo
Eloist,Frank Buchenau
sofaceindisguise,Dmitry Tatarinov
korason34,Ariel Erenberg
rychessmaster1,Ryan Amburgy
siciliannaga,Arif Abdul Hafiz
wanderingexplorer,Anish Vivekananthan (X)
vellottiwizard,Luke Harmon-Vellotti
Artem_0degov,Artem Odegov
MrKooshaChess_Twitch,Koosha Jaferian
MolecularChemist,Dimitar Mardov
FoggyMorning,Andrey Levitskiy
JakubPulpan,Jakub Pulpan (*)
PulpanJ,Jakub Pulpan (*)
sokidze,Ihor Samunenkov
Maestro1986,Mikhail Ekdyshman
KaterynaLagno,Kateryna Lagno
bipe137,Jakub Suder
MyDream003,Zou Chen
Fins0905,John Bartholomew
Caracternin123,Santiago Avila Pavas
Sven_Tica,Sven Tica
Igor_Kowalski,Igor Kowalski
chika-lily,Joseph Wan
Aslanov_Umid,Umid Aslanov
tyczka123,Tymon Czernek
Petrovic_Aleksa,Aleksa Petrovic
Ginzburg_Yakov,Yakov Ginzburg
Reality-Stone,Prraneeth Vuppala
kaidanov,Gregory Kaidanov
Arnaldofdelavaramulet,Arnaldo Fernandez De La Vara
khoipham,FM khoipham
Nemegejas,Paulius Pultinevicius (M)
pultineviciuspaulius,Paulius Pultinevicius (M)
Akewjon,Saidakbar Saydaliev
psychokiller48,Siar Yaran
ameetghasi100,Ameet Ghasi
Vaibhavraut99,Vaibhav Raut
Vsevolod_Ovchinnikov,Vsevolod Ovchinnikov
manitodeplomo,Daniel Barria
resha1988,Alexey Reshetnikov
DNextEpisode,Gnel Melikyan (?)
MlYAGl,Gnel Melikyan (?)
Gareth-Bale11,Mamikon Gharibyan
omeganebulapegasus,Konstantin Peyrer
Chernobay_Artem,Artem Chernobay
JimDiGrease,Ivan Zemlyanskii
SirMittensofMittensville,Jake Kleiman
M_One1126,Mekhriddin Sharifov (X)
x-7526947335,Mekhriddin Sharifov (X)
KubaGepard,Jakob Pajeken
jakopogi,Michael Concio
greekplayer1,Dimitris Makridis
Virgo15,Munkhgal Gombosuren
umutataakbas,Umut Ata Akbas
NikolaGry,Nikolai Gritsenko
SALVA-DALI,FM Salvador-Dali
Hope_6,Airat Sadubayev
IMAghasiyevKamal,Kamal Aghasiyev (X)
GABUZYAN_CHESSMOOD,Hovhannes Gabuzyan
BENO_CHESS,Benik Agasarov (i)
Coachpoker,Alexey Averjanov
Levanzovsky,Yotam Shohat
tacticthunder,Dimitris Alexakis
Zhalmakhanov_Ramazan,Ramazan Zhalmakhanov (?)
KATPAH,Maksym Goroshkov
gshwbedhkhd,Eline Roebers
Kopylov_Alex,Alexander Kopylov
daika91,Tan Zhongyi
scandalgod,Ezio Toniutti
ContrVersia,Valery Kazakouski (M)
Maikrosoft63,Felix Kuznetsov
Topblitz,IM Jhon-Snow
Marcan2b,Marc-Andria Maurizzi
MomchilPetkov,Momchil Petkov
AndreGVH,Andre Gjestemoen-VonHirsch (S)
avinashramesh4,Avinash Ramesh (i)
asramesh,Avinash Ramesh (i)
farzadbfd,Farzad Bolourchifard
Bikuzhin_Maxim,Maxim Bikuzhin (i)
ajedrezsinlimites,Christopher Guzman (C)
SahajGrover,Sahaj Grover
Tartody,David Larino Nieto (B)
rogapa,Roberto Garcia Pantoja
Andrei_Skvortsov,Andrei Skvortsov
Keithonsky,Keith Jeffrey Khumalo
LionTheLeon_06,Leon Luke Mendonca
AlmasChampion1,Almas Rakhmatullaev (?)
messiboca,Diego Flores
Itk04,Itgelt Khuyagtsogt
tuschessCM1,Svyatoslav Bazakutsa
cryptoguru02,Leonardo Loiacono
Mops_2004,Dmitriy Kushko
DefiantChair,Eduardo Mendez Fortes
Bacallao2019,Yusnel Bacallao Alonso
lefonghua,Lefong Hua
Kubas1010,Piotr Sabuk
Zohid6,Mukhammadzokhid Suyarov
Fy_Rakotomaharo,Fy Antenaina Rakotomaharo
nocnypako,Marcin Sieciechowicz
ChessSkool,Peter Prohaszka
demon64fields,Oleg Vastrukhin (M)
Peng_Li-Min,Li Min Peng
ColErranMorad,Maxim Rodshtein
gahryman,Meilis Annaberdiev
PushingpawnsNYC,Shawn Martinez
benny_aizenberg,Benny Aizenberg
mr_gustavo,Jakub Seemann
DarkAlekhine,Stamatis Kourkoulos-Arditis
ArtemDyachuk,Artem Dyachuk
Hovik_Hayrapetyan,Hovik Hayrapetyan
DevikBronstein,Karthik Venkataraman
Mysterio47,Vedant Panesar
lilleper1,Jonas Buhl Bjerre
chessforthesun,Rick Sun
SameerMujumdar,Sameer Mujumdar
NoHeThTo,Noah Thomforde-Toates
Daffidollchess2,Amilal Munkhdalai
Lennis93,Lennis Martinez Ramirez
RichardBitoon,Richard Bitoon
TheRealGmochey,Dominik Horvath (C)
HobbystaSzachysta,Arkadiusz Skawinski
BlitzWizard04,Ufuk Sezen Arat
elcandado,Roberto Carlos Gomez Ledo
IsikCan05,Isik Can
Joshukid,Joshua Colas
ChessicallyInclined,Jason Morefield
quietsunset,Jesus de la Villa
Fisher_TheGalactic,Roberto James
Hilary46,Karol Kucza
KogotBobra17,Egor Koshulyan
emiliocordova,Emilio Cordova
Fantastic_Power,Kirill Bazyrtsyrenov
Semetey,Semetey Tologontegin
BlackBoarder,Vasily Volovich
evgchess5,Evgeny Alekseev
lucasmito,Lucas Do Valle Cardoso
CheckThis4,Richard Pert
GaiozNigalidze,Gaioz Nigalidze
Kirill_Klukin,Kirill Klukin
FREDERICKtheMATE,Frederick Waldhausen Gordon
enriquetejedor,Enrique Tejedor Fuente
splendidkid,Goutham Krishna (X)
filipluczak05,Filip Luczak (i)
jaskol95,Tomasz Jaskolka
Arteler,Artur Dilmukhametov
astralpulse,Alex Goldin
carokannlover213,Patryk Cieslak
Nor1lsk,Kuzmicz Krystian
Vahe_Danielyan,Vahe Danielyan
chesskov1982,IM chesskov1982
reevecanada,Aaron Mendes
TatjanaVasilevich,Tatjana Vasilevich
NFChess13,Noah Fecker
IlanSchnaider,Ilan Schnaider
mind1mover,Vuk Damjanovic
NovozhilovSemen,Semen Novozhilov
Alen_Yeremyann,Alen Yeremyan
nochewycandy,Isaac Chiu
ChinguunSu,Chinguun Sumiya
zverr1,Viacheslav Tikhonov
Karateloru,Oleg Rychkov
vasblesk,Vaclav Finek
Alphafischer2019,Francisco Fiorito
SRob2003,Vladyslav Sydoryka (?)
Tactrics,Aaron Grabinsky (M)
Silent_Terror,Aaron Grabinsky (M)
FastChance,Aaron Grabinsky (M)
Sattarov_Bobur,Bobur Sattarov
Zavgorodniy_Sergiy,Sergiy Zavgorodniy
Crazy_girl99,Gulrukhbegim Tokhirjonova
Actuary44,Michal Kopczynski
chessisveryfun1264,Shaaketh Sivakumar
LikeWater,Alexander Velikanov
Vincent_Vega95,Marko Nenezic
Dinosaurio_1975,Lionel Sierra Vallina
Alexander_Khlebovich,Alexander Khlebovich
baag,Dambasuren Batsuren
Kiborg95,Denis Kadric (*)
Maitreia,Tamaz Mgeladze
UmutErdemGunduz,Umut Erdem Gunduz
FontVella8,Daniel Garcia Ramos
BirdMaster3000,Raven Sturt
wudileige,Lu Shanglei
Eagle_2019,Edgar Mamedov
Juwen,Ju Wenjun
js20000,Jan Subelj
Yeritsyaan,Hayk Yeritsyan
Nuvas,Evgenios Ioannidis
HamedWafa4,Hamed Wafa
Perecke,Aron Pasti
CarlosAlbornoz,Carlos Daniel Albornoz Cabrera
Jagerrmeisterr,Volkan Sevgi
lamomiajunior,Joaquin Fiorito
Adar_07,Adar Tarhan
Kampkatten,GM Kampkatten
ProfessorChess101,Yichen Han
djokovic74,John Veny Akkarakaran
DrKerfuffle,Nicolas Abarca (C)
Guriempire,Ido Gorshtein
Nimrod_Veinberg,Nimrod Veinberg
TheSilmarils,Giorgi Margvelashvili
topotun,Mikhail Panarin
Hamisandwich,Vladimir Hamitevici
Individoom,Bakhtiyar Askarov
CarlosjPineror,Carlos Jose Pinero Rodriguez
chenxiaoyuer,Ryo Chen
czechbul17,Patricie Naymanova
KhBegmuratov,Khumoyun Begmuratov (C)
RandomNoob04,Moritz Weishaeutel
Bryanl106,Bryan Enming Lin
denizozen,Deniz Ozen
luckyswitchback,Daniil Plyasunov
dennisodessa,Mikhail Pesotskiy
GMZaven,Zaven Andriasian (C)
mokerslag,Milan Mostertman
vovkcoach,Yuri Vovk (i)
LADIESGET2KNOWME,FM LADIESGET2KNOWME (X)
cheese111,Gabriel James Koop Bick (i)
olomi007,Aleksander Mista (i)
KingOfConvenience,Dimitri Reinderman (i)
mrkvoz,Zoran Jovanovic
Riazantsev,Alexander Riazantsev (i)
Alexander_Ryazantsev,Alexander Riazantsev (i)
nrvignesh,Vignesh Narayanan Rajeshwari
Arysya,Arystan Isanzhulov
agser,Ottomar Ladva (i)
Rozum_Ivan,Ivan Rozum
Fonsofan,Alfonso Llorente Zaro
yarosavich,Erik Santarius
rithwik2002,Rithwik Mathur (M)
rithwik1212,Rithwik Mathur (M)
2L8IWUN,Rithwik Mathur (M)
Shivagami,Mounika Akshaya Bommini
Bab3s,Alex Richter
Kawhi_Leonard2,Ian T. Findlay
MartinZumsande,Martin Zumsande (i)
eduardoperalta,Eduardo Peralta (?)
azulgrana1970,Eduardo Peralta (?)
GM_Donatello,Jure Borisek
Saitama_Hero,Alessio Viviani (i)
StellarChess,Sherif Khater
dabee,Adegboyega Joel Adebayo
TheMagician,John Curtis
Gergo85,Gergely Antal
Bentery,Benjamin Tereick
Wilsonpalencia,Wilson Palencia (?)
kswp,Wilson Palencia (?)
Aariow,Sebastien Joie
Caminator2000,Cameron Wheeler
Danhy,Daniel Anwuli (i)
bakki78,Vladimir Baklan (i)
Apocalyps999,Vahe Baghdasaryan
hakanazeri2,Khagan Ahmad
superjem123,Jan Emmanuel Garcia
klimkoj,Jan Klimkowski
Jbd735,Sergio German
jb2mix,Joel Banawa
diokletian,Andrey Sumets
ElHelvetico,Nico Georgiadis
Tesla17,Marcus Chan (i)
iliaguevnisim,Nisim Iliaguev (i)
Quinten94,Quinten Ducarmon
goingin33,Nicky Korba
Vorenus_Lucius,Ernesto Inarkiev (i)
AndrBaryshpolets,Andrii Baryshpolets
Leonid_Starozhilov,Leonid Starozhilov
Borsuk_Konstantin,Konstantin Borsuk (i)
ChessFighter_2011,Dau Khuong Duy
Jahonas,Ken Arnold
Kimster98,Andras Dankhazi (i)
Rud_2008,Rudolf Pashikyan
schoolmeester,Vincent Rothuis
saraswathii,Sai Nirupama Kotepalli
sandromareco,Sandro Mareco
TheDiscoOne,Adam Bremner
alex_zapata,Jhon Alexander Zapata Hincapie
chessajedrezz2020,Jonathan Cruz
stanyga,Stany Ga
Sinquefield,Alejandro Uzcategui Rodriguez
Oneofmyturns,Pablo Garcia Cardenas
maheswaran26,Maheswaran Palsamy
dereito,Oscar Bruno De Prado Rodriguez
GulamaliRises,Kazim Gulamali
Makalexa,Alexandra Makarenko (i)
Carnivoras,Quoc Hy Nguyen
hblanco,Humberto L. Blanco Ronquillo
Tirantes,Jim Tarjan (i)
pastouche06,Pierre Villegas
capatl,Carlos Andres Perdomo
chess4life23,Ben Bailey (i)
nickmatta,Nicholas Matta
Federtiu,Hugo ten Hertog
llamalord42,Walker Griggs
gonzaga23,Gabriel Gonzaga Garcia
Trendle,Thomas Rendle
gross-aleks,Oleksiy Solovchuk
Kempsy,Robin van Kampen
ST-Sandavagur,Hogni Egilstoft Nielsen
IamSchrodingersCat,Paul Richter
woodhy,Ettore Stromboli
MichiganEagle,Seth Homa
scrapnel,Helgi Olafsson
renanreis,Renan do Carmo Reis
LornerAcosta,Lorner Jesus Acosta Villarroel
JimmmyZhang,Raghav Venkat (?)
lilrag04,Raghav Venkat (?)
vpantev,Veselin Pantev (d)
Arashy_CC,Ali Bitalzadeh
AsafGivon,Asaf Givon
ItalianMachine,Christopher Pace
ehrenfeld,Georg Seul
VeraNebolsina,Vera Nebolsina
Alliswell998,Guannan Song (i)
wannabe2700,Vilka Sipila
akinov-akinseye,Akinleye Akinseye
Eliwood44,Ronan Le Goff
rubhani,Eyal Grinberg
rubjr,Eyal Grinberg
Tapuah,Ilya Smirin
Adham_Fawzy,Adham Fawzy
THORK,Juan Pedro Cordon Gutierrez
simplerXiao,Xiao Cheng
silverback96,Roberto De Abreu
davidarenas1224,David Arenas
Egor_Koshulyan,Egor Koshulyan
Zazuliak,Andrij Zazuliak
underdogchss,Kenneth Solomon
Rumpel-VK,Vitaly Kunin
kiborg1987,Borki Predojevic
Verony64,Vera Juergens
matagordo,Jonny Cueto
vidavi,Davi Sulzbacher
Statham_01,Matfey Rogov
GirthyHuell,David Zhurbinsky
pasteta13,Mario Muskardin
only_strong_moves,Maksym Dubnevych
Nicolas_DeLaColina,Nicolas De La Colina
arminmusovic,Armin Musovic
pankajfm,Pankaj Joshi
CuteSheepCloud,Ethan Song
Artemiki,Artemiki Lebedev
SimplyDevina,Devina Devagharan
MVM2008,Matei-Valeriu Mogirzan
Haykoooo0o,Hayk Yeritsyan (*)
Yeritsyaan,Hayk Yeritsyan (*)
Shuvalov,Evgenij Shuvalov
noblerone,Mauri Lehtosaari
McCarthyStone,Jonathan Pein
David_Arutinian,David Arutinian
Cambek64,Grigory Seletsky
npaipal,Nikolaos Poupalos
Legit,Krzysztof Raczek
PiliposyanRobertChess,Robert Piliposyan