DrGrekenstein,Magnus Carlsen
DrNykterstein,Magnus Carlsen
DrDrunkenstein,Magnus Carlsen
DannyTheDonkey,Magnus Carlsen
manwithavan,Magnus Carlsen
DrChampionstein,Magnus Carlsen
STL_Carlsen,Magnus Carlsen
ChessJuice,Tal Baron (X)
Grey_parrot,GM Grey_parrot
damnsaltythatsport,Magnus Carlsen
alireza2003,Alireza Firouzja
Konevlad,Vladislav Artemiev
penguingim1,Andrew Tang
CleverTacticButFail,Andrew Tang
C9C9C9C9C9,Andrew Tang
galbijjim,LM galbijjim
Sasha,Alexander Grischuk
junglebook1,Nihal Sarin
RebeccaHarris,Daniel Naroditsky
avalongamemaster,Maxime Vachier-Lagrave
Jepetto,Ian Nepomniachtchi
Wild-King91,GM Wild-King91
Zhigalko_Sergei,Sergei Zhigalko
Ultimate_SHSL_Gamer,LM Ultimate_SHSL_Gamer
chessbrahs,Eric Hansen
nihalsarin2004,Nihal Sarin
keithster,Eric Hansen
Watneg,GM Watneg
Night-King96,Olexandr Bortnyk
muisback,Rauf Mamedov
STL_So,Wesley So
mutdpro,Le Tuan Minh
Azzaro25,Anish Giri
Sparta299,Samuel Sevian
daro94,Dariusz Swiercz
Vladimirovich9000,Dmitry Andreikin
FairChess_on_YouTube,Dmitry Andreikin
Gbeto,GM Gbeto
UnVieuxMonsieur,Jules Moussard
Inventing_Invention,Arjun Erigaisi
lodewijkfrederik,Vincent Rothuis
AnishGiri,Anish Giri
opperwezen,Vincent Rothuis
wateenellende,Vincent Rothuis
SVODMEVKO,Daniil Dubov
FeegLood,Jeffery Xiong
CheeseMuffin,IM CheeseMuffin
neslraCsungaM77,Rauf Mamedov
Arka50,GM Arka50
STL_Grischuk,Alexander Grischuk
STL_Xiong,Jeffery Xiong
AnishOnYoutube,Anish Giri
Bombegranate,Fabiano Caruana
sp1cycaterpillar,Ray Robson
bushidonaruto,GM bushidonaruto
hansontwitch,Hans Niemann
Thanozz,GM Thanozz
Eduiturri,Eduardo Iturrizaga
drop_stone,David Paravyan
Federicov93,Federico Perez Ponsa
Alexander_Zubov,Olexander Zubov
AlexLenderman,Aleksandr Lenderman
Craze,Max Illingworth
ARM-777777,Haik Martirosyan
wizard98,Sunilduth Lyna Narayanan
giraffepoacher,LM giraffepoacher
EltajSafarli,Eltaj Safarli
Amin_____tb,Amin Tabatabaei
KontraJaKO,Jose Martinez Alcantara
may6enexttime,Alexey Sarana
TribalDancer,GM TribalDancer
BabaRamdev,Akshat Chandra
Andrey_Esipenko,Andrey Esipenko
toivok3,Toivo Keinanen
KAstar,GM KAstar (X)
Peacefully,GM Peacefully
NeverEnough,Boris Grachev
Ogrilla,Grigoriy Oparin
retired93,GM retired93
Nikotheo,Nikolas Theodorou
AngelitoRT,Renato Terry
Liem_Chess,Le Quang Liem
MrBochwalt,GM MrBochwalt (X)
jlhammer,Jon Ludvig Hammer
gmwesleyso1993,Wesley So
UzbekTiger63,Tair Vahidov
Hussarius64,GM Hussarius64 (X)
Zaven_ChessMood,Zaven Andriasian
chesswarrior04,Nodirbek Abdusattorov
caching,GM caching
Grandelicious,Nils Grandelius
Azerichessss,Shakhriyar Mamedyarov
gmmoranda,Wojciech Moranda
howitzer14,David Howell
hiimgosu,Aman Hambleton
Zhalmakhanov_R,Ramazan Zhalmakhanov
MardakerXXX,Karen Grigoryan
Gogithewise,Anton Korobov
Kelevra317,GM Kelevra317 (X)
BahadirOzen,Bahadir Ozen
ZodabwitsaIM,IM ZodabwitsaIM
GMVallejo,Francisco Vallejo Pons
FrostWyrm,GM FrostWyrm
Chopper1905,Mustafa Yilmaz
Platy2,Alan Pichot
Fandorine96,Maksim Chigaev
GeorgMeier,Georg Meier
Mlchael,Mykola Bortnyk
MatthewG-p4p,Matvey Galchenko
Chesstoday,Zhamsaran Tsydypov
AntonSmirnov01,Anton Smirnov
Djeser,GM Djeser
MarveFleksnes,GM MarveFleksnes
xxysoul6,Xu Xiangyu
Feokl1995,Vladimir Fedoseev
Mario_Zagallo,GM Mario_Zagallo
anonymous_king64,GM anonymous_king64
CakeinSpace,GM CakeinSpace
kyart2,Aram Hakobyan
Eyesless18,GM Eyesless18
recapture,Aryan Tari
black_knight22,GM black_knight22
NIndja64,Aleksandar Indjic
Rain_Man,Samvel Ter-Sahakyan
Heisenberg01,Dincer Tasdogen
Creep30,Hrant Melkumyan
Siana,Yannick Gozzoli
hitter1999,Aravindh Chithambaram
Praggnanandhaachess,Rameshbabu Praggnanandhaa
kubalibre420,IM kubalibre420
Zkid,Steven Zierk
Khalilmousavii,Seyed Khalil Mousavi
Shant7777777,Shant Sargsyan
Evgeny_Levin,Evgeny Levin
temp006,GM temp006
gsvc,Guillermo Vazquez
DrVelja,Velimir Ivic
iamstraw,Brandon Jacobson
BMWHero,Shamsiddin Vokhidov
dmitrij_IM,Dmitrij Kollars
Satranc_Youtube,Cem Kaan Gokerkan
BlueGreensun,Vahap Sanal
MinhJTran,Tran Tuan Minh (X)
msb2,Matthias Bluebaum
MeneerMandje,Thomas Beerdsen
Yarebore,Pawel Teclaf
Sigma_Tauri,GM Sigma_Tauri
sumsar42,Rasmus Svane
Harsha_bharathakoti,Harsha Bharathakoti
VerdeNotte,Gawain Jones
Mapwright,GM Mapwright
dhoine98,Sergei Yudin
Kingdomino1,GM Kingdomino1
dr_x1qL0,IM dr_x1qL0 (X)
RD4ever,Rustam Khusnutdinov
Jasugi99,Janak Awatramani
Twelvedigits,GM Twelvedigits
Harlan_Coben,GM Harlan_Coben
yavrukurt40,Dincer Tasdogen
greennight,Jakub Pulpan
Riquelme93,Sanan Sjugirov
Pon4ik2006,Denis Lazavik
Harikrishnapentala,Pentala Harikrishna
MasterAssasin123,Diptayan Ghosh
GMadly,Ahmed Adly
Macrofago,Jose Carlos Ibarra
dolar9,IM dolar9 (X)
DrMelekess,Alexandr Ulanov
AbasovN,Nijat Abasov
Abdisalimov,Abdimalik Abdisalimov
defenceboy1,GM defenceboy1
cjota95,Jorge Moises Cori Tello
rasulovvugar,Vugar Rasulov
HansSchmidt,GM HansSchmidt
Chesser22,Kirill Shevchenko
promove2500,Vladimir Zakhartsov
Mitrabha,Guha Mitrabha
ABachmann,Axel Bachmann
dalmatinac101,Ivan Saric
Rikikits,Maxime Lagarde
Patetico,Huseyin Can Agdelen
TemurKuybokarov,Temur Kuybokarov
Kiborg1987,Borki Predojevic
GABUZYAN_CHESSMOOD,Hovhannes Gabuzyan
CEMILGMCHESS,Cemil Aghamaliyev
pochtalionPechkin,Boris Savchenko
Mishka_The_Great,Mieszko Mis
vroeli,Oliver Barbosa
guirepa,GM guirepa (X)
AndrewHoma,Andrey Drygalov
EvilGenius94,GM EvilGenius94
shrekdavid,David Gorodetzky
L04d1ng,Danyyil Dvirnyy
MikeGScarn,GM MikeGScarn
Pap-G,Gyula Pap
lenochka18,GM lenochka18
Brown_player,GM Brown_player
danza-kuduro-bros,GM danza-kuduro-bros
Shtemb22,Evgeny Shtembuliak
pozvonochek,Nikita Petrov
N-Chadaev,Nikolay Chadaev
toivok,Toivo Keinanen
Esssquire,Vladislav Kovalev
LouiVos,GM LouiVos
elm20o7,Elie Milikow
ChessWeeb,Denes Boros
cicergross,Manuel Petrosyan
IWANNABEADOORED,GM IWANNABEADOORED
enmQ,Nikita Meshkovs
Matlakov,Maxim Matlakov
jmb2010,John Burke
srinathbaggins,GM srinathbaggins
Jaggust01,Deniz Ozen
Elda64,Paul Velten
Poudini,Pouya Idani
Dr_Martic,Kazybek Nogerbek
Zubrrr,Artyom Zubritskiy
Astramariy,Vladimir Seliverstov
deacbogdan1,Bogdan-Daniel Deac
E-Shaposhnikov,Evgeny Shaposhnikov
Abik02,Abdulla Gadimbayli
Nesterovsky,GM Nesterovsky
DrawDenied_Twitch,Martin Kraemer
severomorskij17,Aleksandr Moiseenko
LittlePeasant,Alejandro Ramirez (X)
VincentKeymer2004,Vincent Keymer
venajalainen,Klementy Sychev
jsl,GM jsl
Blazinq,FM Blazinq
DarthMccartney,GM DarthMccartney
IVK88,Igor Kovalenko
Tintirito,GM Tintirito
PrettyPrincess2002,GM PrettyPrincess2002
ok1975,Ori Kobo
AdriD,GM AdriD (X)
Arnelos,Hristos Banikas
BrandonJacobson,Brandon Jacobson
fireheart92,Adhiban Baskaran
CashVampire,Mikhail Panarin
ficorrales,Fidel Corrales
maciek_92,Maciej Klekowski
Vivekananda555,Debashis Das
DonMateo85,GM DonMateo85
sellaturcica97,GM sellaturcica97
BIZOO,GM BIZOO
dulemaster,Dusan Popovic
Tayka,Vadim Moiseenko
Infernal_XaM,Pavel Ponkratov
DanielDardha2005,Daniel Dardha
zvonokchess,Nikita Petrov
RonenHarZvi,GM RonenHarZvi
betheking,GM betheking
AgileSloth,Peter Prohaszka
Johanssc,Johan-Sebastian Christiansen
whiplash12,Suri Vaibhav
Arseniii_Nesterov,Arseniy Nesterov
GrandByniolus,Zbigniew Pakleza
funny_chess,Mikhail Demidov
Banjovi,Rogelio Barcenilla
S2Pac,Kirill Stupak
ViejoTortuga,GM ViejoTortuga
justantan,Justin Tan
MahammadMuradli2003,Mahammad Muradli
Bestinblitz,GM Bestinblitz
andreas_heimann,Andreas Heimann
Lunaticxxx,GM Lunaticxxx (X)
OCChess,GM OCChess
Kastorcito,Rodrigo Vasquez
FatherGascoigne,IM FatherGascoigne
milacek,GM milacek
tinymonster,GM tinymonster
Gabix94,GM Gabix94
Crest64,Sergey Shipov
Moro182,Luca Moroni
xamax2000,Max Warmerdam	(X)
charmgame, GM charmgame (X)
shahinlorpari,Shahin Lorparizangeneh
Dr_Chessrob,Robert Aghasaryan
thujer,GM thujer
Amirreza_p,Amirreza Pourramezanali
superchess2002,Panneerselvam Iniyan
Chamaeleon3,GM Chamaeleon3
Multibrendovyi,Aleksandr Shimanov
gon_freecs123,IM gon_freecs123
masmos97,Masoud Mosadeghpour
swimmerchess,Siva Mahadevan
Last7Samurai,Cemil Can Ali Marandi
Bakayoyo,GM Bakayoyo
sergiochess8383,Sergey Grigoriants
Elfugitivo,GM Elfugitivo
dexter29,Mhamal Anurag
TopGrandMaster,Aryan Gholami
ElGafas,GM ElGafas
Ratkovic_Miloje,Miloje Ratkovic
dragansolak,Dragan Solak
karthikvap,GM karthikvap
BartoszSocko,Bartosz Socko
Bacallao2019,Yusnel Bacallao Alonso
VladimirBelous,Vladimir Belous
kaka66,GM kaka66
kmilooo,Camilo Ernesto Gomez
Dr-CRO,Sasa Martinovic
Fighterman91,Pouria Darini
gviruoysbet,GM gviruoysbet
smeets,Jan Smeets
Ajedrezactivo,Kevel Oliva Castaneda
Brrrrrrrr,GM Brrrrrrrr (X)
rim1618,Ivan Rozum
NguyenXi1427,Tu Hoang Thong
dhfernandez,Daniel Fernandez
AVolodin,GM AVolodin
Tilicheev_Viacheslav,Viacheslav Tilicheev
Piscean64,GM Piscean64
jonasbjerre,GM jonasbjerre
Biriyani,GM Biriyani
zonrobla,GM zonrobla (X)
bacchu90,Swapnil Dhopade
Rakhmanov_Aleksandr,Aleksandr Rakhmanov
tornike_sanikidze,Tornike Sanikidze
domtichess,GM domtichess
Infinity-Stones,Raja Rithvik Rajavaram
krakukra,GM krakukra
ChrolloL,Pablo Salinas
PaulfromSPb,Pavel Anisimov
Misi_95,Misratdin Iskandarov
hessed26,GM hessed26
Leon009,Manuel Leon Hoyos
Varskelis,IM Varskelis (X)
Yuriy_Ayrapetyan,Yuriy Ajrapetjan
Gevorg_Harutjunyan,Gevorg Harutjunyan
gmadham,Adham Fawzy
mr_bh6,Mishra Swayams
pigonthewing,Diego Flores
NTDVAN,Thai Dai Van Nguyen
TheRedKing89,Juan Carlos Obregon Rivero
Federtiu,GM Federtiu
Urkis,Frode Urkedal
KuzubovY,Yuriy Kuzubov
slogger,Priyadharshan Kannappan
AnonymousGMplayer,GM AnonymousGMplayer
Hooligan64,GM Hooligan64
Boss1005,IM Boss1005 (X)
BenjaminBokTwitch,Benjamin Bok
Raunaksadhwani2005,Raunak Sadhwani
OhanyanEminChess,Emin Ohanyan
chessmaster2006,Pranav Venkatesh
IGMGataKamsky,Gata Kamsky
tamojerry,Reza Mahdavi
yyoochess,Christopher Yoo
TSMFTXH,Hikaru Nakamura
yoseph2013,Yoseph Theolifus Taher
SindarovGM,Javokhir Sindarov
TerryR2,Renato Terry
Former_Player,GM Former_Player
Dr-BassemAmin,Bassem Amin
piejonk,NM piejonk (X)
onamissionfromGod,GM onamissionfromGod
manitodeplomo,Daniel Barria Zuniga
xasid,Yuri Zhizmer
PchelkinVK,Andrey Ermolaev
Kingscrusher-YouTube,Tryfon Gavriel
EricRosen,Eric Rosen
rob188,Robert Piliposyan
BlueGreensun,Vahap Sanal
Gokerkan,Cem Kaan Gokerkan
Alexr58,IM Alexr58
Afisky,NM Afisky
Andrey11976,Andrii Trushko
dimochka_tsoi,FM dimochka_tsoi (X)
Katarina0TP,GM Katarina0TP
STL_Liang,Awonder Liang
Durarbayli,Vasif Durarbayli
Minoli,GM Minoli
Leon_Livaic,Leon Livaic (X)
Mirakel05,FM Mirakel05
Golubov_Saveliy,Saveliy Golubov (X)
V_M,Volodar Murzin
Saparmyrat,Saparmyrat Atabayev
pultis12,Paulius Pultinevicius
dr_xStranger,Eray Kilic
samisahi,Samir Sahidi
papasi,Alexandros Papasimakopoulos
chessm1105,GM chessm1105
goltsev2000,Dmitry Goltsev
chessajedrezz2020,Jonathan Cruz
Chessfis,Frederik Svane
Fumitoks,Anton Osinenko
LamazeSimon,Simon Lamaze
Ward-Tsh,Ward Al-Tarbosh (X)
RussianBlizzard,Egor Baskakov
Gannikus21,Nikita Matinian
Vahe_Dan,Vahe Danielyan
athena-pallada,Baadur Jobava
RealDavidNavara,David Navara
Evgeny_Tomashevsky,Evgeny Tomashevsky
Rekcul,Igor Vakhlamov
Rickyrich,Ricky Rismanto
jeffforever,Jens Hirneise
Oleg_Papayan,Oleg Papayan
A_H_Kashefi,Amir-Hosein Kashefi
Unicornz,Matthew O'Brien
Prohorov_Olexandr123,Oleksandr Prokhorov
TorVik-1,Viktor Romanchuk
Klimenko_Sergey_IM,Sergey Klimenko
SargisM,Sargis Manukyan
rdarruda,Ricardo Darruda
Artak_Manukyan,Artak Manukyan
SaraciNderim,Nderim Saraci
vovaches,Vladimir Mikhailovsky
abrito99,Ruben Domingo Nunez
JseMartinez,Jose Martinez Alcantara
LANCELOT_06,Ege Koksal
pasino,Gianmarco Leiva
jimakos,Dimitrios Ladopoulos
Brave_spirit12,Eldiar Orozbaev
chess-art-us,Artem Uskov
Vuk00,Vuk Djordjevic
Kacparov,Kacper Drozdowski
SHREKDAVID,David Gorodetzky
gogotaniye,Ivan Yeletsky
skif134,Sergey Grishchenko
pasino,Gianmarco Leiva
Maurevert,Mert Erdogdu
chesscode93,Vsevolod Rytenko
pasteta,FM pasteta
aradhyagarg2000,Aradhya Garg (X)
harsha15,Harshavardhan G B
smurf42,NM smurf42
SavvaVetokhin2009,Savva Vetokhin
SerGo055,Sergey Nefedov
ShahMatKanal,Evgenij Novikov
SalainenErik,Erik Ronka
bazar-wokzal,Nikolai Vlassov
Maestro_Isa,Anton Isajevsky
dmitrijiiiGM,Dmitry Rostovtsev
josiur,Miklos Halak
Chaos_Magic,Alexandra Zherebtsova
Benefactorr,Alexander Morozevich
davidb2,David Brodsky
khaledYousef22,Yousef Khaled
DefiantChair,Eduardo Mendez Fortes
Bryakin_Mikhail,Mikhail Bryakin
dimochka_tsoi,Dmitry Tsoi
Tsoi_Dima,Dmitry Tsoi
Chess-Network,Jerry ChessNetwork
Vetranio,Timur Gareyev
Uzbek005,Javokhir Sindarov
elhamisbackagain,Elham Amar-Abdrlauf
Mamikon_Gharibyan,Mamikon Gharibyan
KBabazada,Khazar Babazada
AstanehChess,Alex Astaneh
VS99,Shakhzod Vakhidov
gmspideribarra,Jose Carlos Ibarra
HouseMartell,Giorgi Nikolashvili
Ediz_Gurel,Ediz Gurel
Player_06,Mukhiddin Madaminov
Wafwhij02,Andy Woodward
Sportik_Shark,Khumoyun Begmuratov
Artem_0degov,Artem Odegov
PeshkaCh,Tykhon Cherniaiev
royalchesssamarkand,Jakhongir Vakhidov
KonstantinKornienko,Konstantin Kornienko